k,nis,nees,trP_pred,trP_upd,varPx_pred,varPy_pred,varPz_pred,varPx_upd,varPy_upd,varPz_upd,Kx,Ky,Kz,pos_err,ang_err
0,0.0002213506551401464,0.001612170534464474,1.3016333333333336,0.6639424407088882,0.10021111111111113,0.10021111111111113,0.10021111111111113,0.009092650468797257,0.009092650468797257,0.009092650468797257,0.9092650468797259,0.0,0.0,0.0037561488962662465,0.2819313780204076
1,nan,nan,0.66563626128892,nan,0.009323923995474454,0.009323923995474454,0.009323923995474454,nan,nan,nan,nan,nan,nan,0.004397965486196791,0.4289462468680827
2,0.011316284693600303,0.007563969497259424,0.6679970764248543,0.6282203804212997,0.009777529040785922,0.009777529040785922,0.009777529040785922,0.004943756634422002,0.004943756634422002,0.004943756634422002,0.4943756634422002,0.0,0.0,0.005890840518542327,0.36215322221220414
3,nan,nan,0.6305512667352,nan,0.005387385405722079,0.005387385405722079,0.005387385405722079,nan,nan,nan,nan,nan,nan,0.01308639240736736,0.44080090762085067
4,0.031491898034813136,0.051778617403140006,0.6335340938903378,0.6011308723553749,0.006048327790768039,0.006048327790768039,0.006048327790768039,0.0037688211940981164,0.0037688211940981164,0.0037688211940981164,0.37688211940981164,0.0,0.0,0.012950124967145316,0.3513452243437185
5,nan,nan,0.6039882071109672,nan,0.0043879327792955974,0.0043879327792955974,0.0043879327792955974,nan,nan,nan,nan,nan,nan,0.019777585698717168,0.4287371149775209
6,0.05490491602401477,0.11551327782128405,0.6074569016292373,0.5682059781469078,0.005210830952052271,0.005210830952052271,0.005210830952052271,0.0034257372055990255,0.0034257372055990255,0.0034257372055990255,0.3425737205599025,0.0,0.0,0.017244352744356324,0.4112700525441058
7,nan,nan,0.5714054392422552,nan,0.004158890904048133,0.004158890904048133,0.004158890904048133,nan,nan,nan,nan,nan,nan,0.023361224257364428,0.5555572766004371
8,0.06263993606139195,0.1804199888450641,0.5751504992085841,0.5307964817734928,0.005073910892824422,0.005073910892824422,0.005073910892824422,0.0033660215513412234,0.0033660215513412234,0.0033660215513412234,0.33660215513412234,0.0,0.0,0.019860139384491556,0.5503860956833252
9,nan,nan,0.5341320724991907,nan,0.004144551793240508,0.004144551793240508,0.004144551793240508,nan,nan,nan,nan,nan,nan,0.02515451002936738,0.7153366822896218
10,0.05554473677599701,0.22879530467908316,0.5379329127373714,0.49377886042987545,0.005078165205967412,0.005078165205967412,0.005078165205967412,0.0033678933322455248,0.0033678933322455248,0.0033678933322455248,0.3367893332245525,0.0,0.0,0.02115272619773815,0.7527431693957629
11,nan,nan,0.49708365884409234,nan,0.0041361594703177755,0.0041361594703177755,0.0041361594703177755,nan,nan,nan,nan,nan,nan,0.025610025117143706,0.9246823427733086
12,0.06247974927828821,0.23257703177268266,0.5007724400667375,0.4609836732353241,0.005032419877866183,0.005032419877866183,0.005032419877866183,0.0033477110929265256,0.0033477110929265256,0.0033477110929265256,0.3347711092926525,0.0,0.0,0.020563924078139666,0.9073092754700744
13,nan,nan,0.464156152902952,nan,0.004071870982135845,0.004071870982135845,0.004071870982135845,nan,nan,nan,nan,nan,nan,0.024212109632112896,1.0843553427750405
14,0.07940102600001712,0.17751439884680567,0.46764009447273847,0.43396526420258497,0.004899851505397987,0.004899851505397987,0.004899851505397987,0.00328852371691278,0.00328852371691278,0.00328852371691278,0.328852371691278,0.0,0.0,0.017659449649172928,1.0681008804438192
15,nan,nan,0.43696125241780337,nan,0.003953853121985561,0.003953853121985561,0.003953853121985561,nan,nan,nan,nan,nan,nan,0.020476771815473627,1.2451084528237604
16,0.05149847811865639,0.13838309232173893,0.44020879535411955,0.41262387950331436,0.004703034100757598,0.004703034100757598,0.004703034100757598,0.0031986827130566654,0.0031986827130566654,0.0031986827130566654,0.3198682713056665,0.0,0.0,0.015433054408005218,1.2320073888229608
17,nan,nan,0.4154360334441675,nan,0.003802734026674389,0.003802734026674389,0.003802734026674389,nan,nan,nan,nan,nan,nan,0.017672060370067178,1.4106053922199608
18,0.04701652950116657,0.11141852086302184,0.41845234005419646,0.3961215920899739,0.004474836230017371,0.004474836230017371,0.004474836230017371,0.0030914589698345764,0.0030914589698345764,0.0030914589698345764,0.3091458969834577,0.0,0.0,0.013417341773948871,1.3694472110665787
19,nan,nan,0.39876148139106726,nan,0.003638088736865689,0.003638088736865689,0.003638088736865689,nan,nan,nan,nan,nan,nan,0.015228975551488796,1.5480174996884628
20,0.062176841283826854,0.07848740699959858,0.4015687777066919,0.3834680113811843,0.004240520842073909,0.004240520842073909,0.004240520842073909,0.002977784934343977,0.002977784934343977,0.002977784934343977,0.2977784934343977,0.0,0.0,0.01107748168133517,1.3987146264397639
21,nan,nan,0.38595475045133876,nan,0.0034733646243954672,0.0034733646243954672,0.0034733646243954672,nan,nan,nan,nan,nan,nan,0.012516920970645254,1.57764235696018
22,0.031099661645312023,0.07958910446824351,0.3885805983361487,0.3737762592711889,0.004015313919332111,0.004015313919332111,0.004015313919332111,0.0028649475441242618,0.0028649475441242618,0.0028649475441242618,0.28649475441242617,0.0,0.0,0.00993100873895595,1.5746247050789737
23,nan,nan,0.3761304791854425,nan,0.0033163541822088037,0.0033163541822088037,0.0033163541822088037,nan,nan,nan,nan,nan,nan,0.011138087359181816,1.7537388818370565
24,0.04343742249637191,0.07665788046809237,0.37860198071616463,0.36633389611606676,0.0038068546924494907,0.0038068546924494907,0.0038068546924494907,0.0027572207988335916,0.0027572207988335916,0.0027572207988335916,0.2757220798833592,0.0,0.0,0.009551193743027046,1.6251248816189323
25,nan,nan,0.36857498664951815,nan,0.0031709176433173994,0.0031709176433173994,0.0031709176433173994,nan,nan,nan,nan,nan,nan,0.01060442472119432,1.8038571758630588
26,0.03886751072818759,0.0756277241744404,0.37091642028781907,0.3605960874690185,0.0036180621894176942,0.0036180621894176942,0.0036180621894176942,0.002656811328288112,0.002656811328288112,0.002656811328288112,0.26568113282881123,0.0,0.0,0.008322227982309431,1.7207908619929222
27,nan,nan,0.36274117367024306,nan,0.0030385067286962868,0.0030385067286962868,0.0030385067286962868,nan,nan,nan,nan,nan,nan,0.00919978752187287,1.8997172824817505
28,0.026742133723617646,0.07213012930924244,0.3649733482601906,0.35615507057092133,0.0034492315920121317,0.0034492315920121317,0.0034492315920121317,0.0025646309742042997,0.0025646309742042997,0.0025646309742042997,0.25646309742042994,0.0,0.0,0.006697104019210852,1.8895132975014115
29,nan,nan,0.35821882070107675,nan,0.0029192143509227746,0.0029192143509227746,0.0029192143509227746,nan,nan,nan,nan,nan,nan,0.007406922983082901,2.068484447905268
30,0.03259305354091832,0.07909103957252879,0.36035919073389444,0.35270784908565134,0.0032993376951953477,0.0032993376951953477,0.0032993376951953477,0.00248082857267945,0.00248082857267945,0.00248082857267945,0.248082857267945,0.0,0.0,0.007430666936020153,1.9594981435579115
31,nan,nan,0.3547026392385382,nan,0.002812425290308389,0.002812425290308389,0.002812425290308389,nan,nan,nan,nan,nan,nan,0.008122614106716792,2.1383638831518414
32,0.04250793690957786,0.0830104036659894,0.35676570330537033,0.3500291039767125,0.003166779979252418,0.003166779979252418,0.003166779979252418,0.002405128652747656,0.002405128652747656,0.002405128652747656,0.24051286527476562,0.0,0.0,0.006152117578217028,2.0339493644612308
33,nan,nan,0.3519653074504071,nan,0.002717196477312519,0.002717196477312519,0.002717196477312519,nan,nan,nan,nan,nan,nan,0.006712033225278783,2.2129876591456314
34,0.04291861882540947,0.08622126690831239,0.353963070199707,0.34795040592817833,0.00304978406041249,0.00304978406041249,0.00304978406041249,0.002337037951198167,0.002337037951198167,0.002337037951198167,0.23370379511981668,0.0,0.0,0.0059089886520818525,2.0637841753738466
35,nan,nan,0.34983670157981506,nan,0.0026324698350770727,0.0026324698350770727,0.0026324698350770727,nan,nan,nan,nan,nan,nan,0.006412047599120428,2.242964898186825
36,0.04120989443314095,0.08835923260496746,0.3517791079033282,0.3463448831257229,0.0029466052762481014,0.0029466052762481014,0.0029466052762481014,0.0022759674936981018,0.0022759674936981018,0.0022759674936981018,0.2275967493698102,0.0,0.0,0.004884737853032038,2.129287899616786
37,nan,nan,0.34818853910693204,nan,0.0025571861541011385,0.0025571861541011385,0.0025571861541011385,nan,nan,nan,nan,nan,nan,0.005316828500048685,2.308188449568982
38,0.04955686467125553,0.0906612051419673,0.3500838493857763,0.34511610744471266,0.002855622913715909,0.002855622913715909,0.002855622913715909,0.002221302641561764,0.002221302641561764,0.002221302641561764,0.2221302641561764,0.0,0.0,0.005428895324468473,2.1291283075687257
39,nan,nan,0.3469232259758928,nan,0.002490342151955135,0.002490342151955135,0.002490342151955135,nan,nan,nan,nan,nan,nan,0.005852824951017028,2.3079703291780915
40,0.035541103458211494,0.09122955099735812,0.3487783275992984,0.3441900852987609,0.0027753760264236545,0.0027753760264236545,0.0027753760264236545,0.0021724417509772468,0.0021724417509772468,0.0021724417509772468,0.21724417509772467,0.0,0.0,0.0038117530975301083,2.2285648606892265
41,nan,nan,0.34596580712726277,nan,0.002431015693811221,0.002431015693811221,0.002431015693811221,nan,nan,nan,nan,nan,nan,0.004149832279069143,2.4074858016453504
42,0.03814584460807346,0.09536014359452809,0.34778646792429047,0.34350948260335934,0.0027045692928204528,0.0027045692928204528,0.0027045692928204528,0.0021288162002853937,0.0021288162002853937,0.0021288162002853937,0.21288162002853936,0.0,0.0,0.0038515181768617296,2.283887703116853
43,nan,nan,0.34525815497638457,nan,0.0023783736579604474,0.0023783736579604474,0.0023783736579604474,nan,nan,nan,nan,nan,nan,0.004172765126786242,2.463221521997882
44,0.040690204118805536,0.10104048112769853,0.3470492274017543,0.34302944301194904,0.0026420644664170217,0.0026420644664170217,0.0026420644664170217,0.002089899536136307,0.002089899536136307,0.002089899536136307,0.20898995361363065,0.0,0.0,0.004733406397101691,2.3177226958711468
45,nan,nan,0.34475475657567434,nan,0.002331670724044747,0.002331670724044747,0.002331670724044747,nan,nan,nan,nan,nan,nan,0.005065279687656185,2.497090472865864
46,0.045596069612495356,0.10181815079109713,0.34652034161885475,0.34271454060953355,0.002586865738438225,0.002586865738438225,0.002586865738438225,0.002055210401218757,0.002055210401218757,0.002055210401218757,0.2055210401218757,0.0,0.0,0.004811176477493357,2.347783813361226
47,nan,nan,0.3444196406560899,nan,0.0022902437500708648,0.0022902437500708648,0.0022902437500708648,nan,nan,nan,nan,nan,nan,0.005108248550874319,2.527128184456479
48,0.04327789977595149,0.10556752346208434,0.3461632194179804,0.3425365425431472,0.0025381033373676936,0.0025381033373676936,0.0025381033373676936,0.002024312026367901,0.002024312026367901,0.002024312026367901,0.20243120263679007,0.0,0.0,0.004365184897093929,2.3812944083910854
49,nan,nan,0.3442241194300473,nan,0.00225350432200128,0.00225350432200128,0.00225350432200128,nan,nan,nan,nan,nan,nan,0.0046416384884367355,2.560710165598765
50,0.04374004222720168,0.11336311971212007,0.3459486589857884,0.34247275289804735,0.0024950175072483128,0.0024950175072483128,0.0024950175072483128,0.001996809933080096,0.001996809933080096,0.001996809933080096,0.19968099330800954,0.0,0.0,0.00485515919845938,2.4095789166622166
51,nan,nan,0.344145115700842,nan,0.002220930867344965,0.002220930867344965,0.002220930867344965,nan,nan,nan,nan,nan,nan,0.005139036593627752,2.588997171291008
52,0.058804294067165336,0.10430115411443701,0.34585315459204113,0.3425047764658593,0.0024569438310779955,0.0024569438310779955,0.0024569438310779955,0.00197234880753683,0.00197234880753683,0.00197234880753683,0.19723488075368298,0.0,0.0,0.004964934356330397,2.389025420863461
53,nan,nan,0.3441639131828615,nan,0.0021920610465375567,0.0021920610465375567,0.0021920610465375567,nan,nan,nan,nan,nan,nan,0.005227572908681205,2.5684460340745456
54,0.05523532191857842,0.10269459041778448,0.3458576307811649,0.34261758809351783,0.0024233002459720155,0.0024233002459720155,0.0024233002459720155,0.001950609095805857,0.001950609095805857,0.001950609095805857,0.19506090958058572,0.0,0.0,0.005061269944218369,2.37302788113164
55,nan,nan,0.34426521507157776,nan,0.0021664847551591663,0.0021664847551591663,0.0021664847551591663,nan,nan,nan,nan,nan,nan,0.005305552781600208,2.5524256655567954
56,0.05536444994177785,0.11454594967449813,0.3459464881519994,0.34279882615682516,0.002393575781966373,0.002393575781966373,0.002393575781966373,0.0019313036238090497,0.0019313036238090497,0.0019313036238090497,0.19313036238090492,0.0,0.0,0.005225987160636844,2.370355872627567
57,nan,nan,0.34443642886588277,nan,0.002143837860161576,0.002143837860161576,0.002143837860161576,nan,nan,nan,nan,nan,nan,0.005462108120513005,2.549787906480916
58,0.06873155962318739,0.11116355815819595,0.34610687800695566,0.34303825171790553,0.0023673209071858785,0.0023673209071858785,0.0023673209071858785,0.0019141743995745883,0.0019141743995745883,0.0019141743995745883,0.19141743995745883,0.0,0.0,0.005005414451651402,2.315720581093575
59,nan,nan,0.34466711856335946,nan,0.0021237966813925525,0.0021237966813925525,0.0021237966813925525,nan,nan,nan,nan,nan,nan,0.005215157859115057,2.4951265196367216
60,0.061189989377337495,0.11515203061984122,0.34632814642373866,0.34332733112982444,0.0023441393015189507,0.0023441393015189507,0.0023441393015189507,0.00189898966972165,0.00189898966972165,0.00189898966972165,0.18989896697216496,0.0,0.0,0.004446279867997389,2.2984979600557263
61,nan,nan,0.3449485816415903,nan,0.002106073173643603,0.002106073173643603,0.002106073173643603,nan,nan,nan,nan,nan,nan,0.0046388222677359705,2.4779635618858458
62,0.042957245509436116,0.11565883578053113,0.3466014047198393,0.3436589113314796,0.0023236808663932677,0.0023236808663932677,0.0023236808663932677,0.0018855412531250753,0.0018855412531250753,0.0018855412531250753,0.18855412531250756,0.0,0.0,0.00401672961627096,2.3288971739085516
63,nan,nan,0.34527351979147325,nan,0.002090410739789623,0.002090410739789623,0.002090410739789623,nan,nan,nan,nan,nan,nan,0.004187203159990186,2.508373313695948
64,0.08428713053221615,0.1110601205712287,0.3469191949313239,0.3440269652655823,0.0023056357864064954,0.0023056357864064954,0.0023056357864064954,0.0018736421477331803,0.0018736421477331803,0.0018736421477331803,0.18736421477331805,0.0,0.0,0.0030549992943935864,2.231778656244982
65,nan,nan,0.34563578061699085,nan,0.002076580598202702,0.002076580598202702,0.002076580598202702,nan,nan,nan,nan,nan,nan,0.0031903134637699775,2.4112520960089308
66,0.033202789485096876,0.11509849011089116,0.3472752272527631,0.3444263907379694,0.002289729476793467,0.002289729476793467,0.002289729476793467,0.0018631243927029746,0.0018631243927029746,0.0018631243927029746,0.18631243927029742,0.0,0.0,0.003479263504827837,2.304815839088124
67,nan,nan,0.3460301534479241,nan,0.0020643786293545433,0.0020643786293545433,0.0020643786293545433,nan,nan,nan,nan,nan,nan,0.0036169973262491213,2.48431500769198
68,0.04669628135854391,0.1372291522886977,0.3476641723767598,0.34485285029756674,0.002275718272299768,0.002275718272299768,0.002275718272299768,0.0018538371619646404,0.0018538371619646404,0.0018538371619646404,0.18538371619646407,0.0,0.0,0.003493212879930261,2.3627500044081335
69,nan,nan,0.34645220670978055,nan,0.0020536226327025793,0.0020536226327025793,0.0020536226327025793,nan,nan,nan,nan,nan,nan,0.003610301635819571,2.542159818270925
70,0.0418681141390547,0.1469051737945851,0.348081496015351,0.3453026428242901,0.0022633857345593935,0.0022633857345593935,0.0022633857345593935,0.00184564506372898,0.00184564506372898,0.00184564506372898,0.18456450637289798,0.0,0.0,0.004499359407067389,2.407600426640395
71,nan,nan,0.34689815743194147,nan,0.0020441499329461035,0.0020441499329461035,0.0020441499329461035,nan,nan,nan,nan,nan,nan,0.004645604241718597,2.5870348020151015
72,0.057227189904696635,0.14489738099936472,0.34852332605785985,0.34577259979555913,0.0022525394749188933,0.0022525394749188933,0.0022525394749188933,0.001838426621297463,0.001838426621297463,0.001838426621297463,0.1838426621297463,0.0,0.0,0.003974080708981274,2.402199313960289
73,nan,nan,0.34736476578093123,nan,0.002035815283088161,0.002035815283088161,0.002035815283088161,nan,nan,nan,nan,nan,nan,0.00410107494733057,2.581432614332781
74,0.05529819176510588,0.14521802244787166,0.34898634515315197,0.3462600008914472,0.0022430084071617526,0.0022430084071617526,0.0022430084071617526,0.001832072912609998,0.001832072912609998,0.001832072912609998,0.18320729126099983,0.0,0.0,0.003949446964040849,2.392906807657472
75,nan,nan,0.34784924921266835,nan,0.0020284890196836927,0.0020284890196836927,0.0020284890196836927,nan,nan,nan,nan,nan,nan,0.004069031977214735,2.572036903843717
76,0.04400597853453518,0.1422667869369149,0.34946770323248977,0.346762504856723,0.0022346403596241685,0.0022346403596241685,0.0022346403596241685,0.001826486348547489,0.001826486348547489,0.001826486348547489,0.1826486348547489,0.0,0.0,0.003128457986616693,2.427952016391281
77,nan,nan,0.3483492121095697,nan,0.0020220554328297335,0.0020220554328297335,0.0020220554328297335,nan,nan,nan,nan,nan,nan,0.0032209697189506006,2.6071735732993573
78,0.04159396265771926,0.14601273531311265,0.3499649457776931,0.3472780924811239,0.0022272999888708653,0.0022272999888708653,0.0022272999888708653,0.0018215795726760002,0.0018215795726760002,0.0018215795726760002,0.1821579572676,0.0,0.0,0.003847115245672444,2.462464514465466
79,nan,nan,0.3488625877222609,nan,0.0020164113197216607,0.0020164113197216607,0.0020164113197216607,nan,nan,nan,nan,nan,nan,0.003953289043045184,2.641861446741623
80,0.03719196266434055,0.15311940357948636,0.35047595460603304,0.347805019270303,0.0022208669476456956,0.0022208669476456956,0.0022208669476456956,0.0018172744676461247,0.0018172744676461247,0.0018172744676461247,0.1817274467646125,0.0,0.0,0.003306620228104383,2.5460375038515477
81,nan,nan,0.34938758995521146,nan,0.0020114646959489488,0.0020114646959489488,0.0020114646959489488,nan,nan,nan,nan,nan,nan,0.003392377913878343,2.725039077192879
82,0.0835722684990499,0.145281767951603,0.3509988986728501,0.34834177591907084,0.0022152342684951575,0.0022152342684951575,0.0022152342684951575,0.0018135012557299575,0.0018135012557299575,0.0018135012557299575,0.18135012557299574,0.0,0.0,0.0019587931541528783,2.4639153548906796
83,nan,nan,0.34992267308145064,nan,0.0020071336431898837,0.0020071336431898837,0.0020071336431898837,nan,nan,nan,nan,nan,nan,0.002002401745121756,2.6433186484643536
84,0.048429721459149866,0.1404606876961948,0.35153219294654026,0.34888705510954393,0.002210306931553079,0.002210306931553079,0.002210306931553079,0.0018101976829438646,0.0018101976829438646,0.0018101976829438646,0.18101976829438646,0.0,0.0,0.0016851798476894284,2.472181123294997
85,nan,nan,0.35046649788773654,nan,0.0020033452756747345,0.0020033452756747345,0.0020033452756747345,nan,nan,nan,nan,nan,nan,0.0017200288520598358,2.651613342068581
86,0.06838152541072975,0.12976280815693997,0.35207446383288266,0.3494397234716331,0.0022060005907234516,0.0022060005907234516,0.0022060005907234516,0.0018073082778645856,0.0018073082778645856,0.0018073082778645856,0.18073082778645855,0.0,0.0,0.0014853803839113137,2.4157893545882176
87,nan,nan,0.3510179030705006,nan,0.002000034810820412,0.002000034810820412,0.002000034810820412,nan,nan,nan,nan,nan,nan,0.001524091863235475,2.595279555867834
88,0.06316578943689172,0.1315902865368783,0.35262451994943367,0.3499987977856147,0.002202240437131434,0.002202240437131434,0.002202240437131434,0.001804783677618754,0.001804783677618754,0.001804783677618754,0.1804783677618754,0.0,0.0,0.0007471811770062126,2.3875097241635648
89,nan,nan,0.3515758809484487,nan,0.001997144731896753,0.001997144731896753,0.001997144731896753,nan,nan,nan,nan,nan,nan,0.0007838705412764428,2.5669023548028114
90,0.06500527177393677,0.1396889338896263,0.35318132730004087,0.3505634246938743,0.0021989601824274787,0.0021989601824274787,0.0021989601824274787,0.0018025800146434334,0.0018025800146434334,0.0018025800146434334,0.18025800146434334,0.0,0.0,0.002354323934702275,2.3665176364097498
91,nan,nan,0.3521395567476227,nan,0.001994624032559559,0.001994624032559559,0.001994624032559559,nan,nan,nan,nan,nan,nan,0.0024373027772855017,2.545939611627682
92,0.05665724624258343,0.13664473981305705,0.3537439880924317,0.3511328633344295,0.002196101147495877,0.002196101147495877,0.002196101147495877,0.0018006583587139105,0.0018006583587139105,0.0018006583587139105,0.18006583587139108,0.0,0.0,0.002866988661662256,2.353030696732023
93,nan,nan,0.3527081708622788,nan,0.0019924275346636894,0.0019924275346636894,0.0019924275346636894,nan,nan,nan,nan,nan,nan,0.0029594841186184185,2.5325144265507564
94,0.0583519826380523,0.13876989732193867,0.35431172259172994,0.35170647042237546,0.002193611444480742,0.002193611444480742,0.002193611444480742,0.0017989842094514564,0.0017989842094514564,0.0017989842094514564,0.17989842094514563,0.0,0.0,0.0017971460927710212,2.349808590516995
95,nan,nan,0.3532810636100987,nan,0.0019905152720258792,0.0019905152720258792,0.0019905152720258792,nan,nan,nan,nan,nan,nan,0.001858805387681394,2.529237567734509
96,0.05240280414502052,0.14128387703164283,0.35488385351978063,0.3522836873944106,0.002191445241919836,0.002191445241919836,0.002191445241919836,0.0017975270350923053,0.0017975270350923053,0.0017975270350923053,0.17975270350923053,0.0,0.0,0.001991832003488336,2.34856136349462
97,nan,nan,0.3538576620905514,nan,0.0019888519338059083,0.0019888519338059083,0.0019888519338059083,nan,nan,nan,nan,nan,nan,0.0020537188751178284,2.5280660363881693
98,0.06195945120078214,0.14300988907595905,0.35545979260194277,0.3528640293017283,0.0021895621042696896,0.0021895621042696896,0.0021895621042696896,0.0017962598537504004,0.0017962598537504004,0.0017962598537504004,0.17962598537504004,0.0,0.0,0.0020908876099778235,2.3122680438642504
99,nan,nan,0.3544374688263888,nan,0.001987406361970568,0.001987406361970568,0.001987406361970568,nan,nan,nan,nan,nan,nan,0.0021511120573937783,2.4917683986035533
100,0.035503619000794504,0.1539973346372524,0.35603902893536504,0.35344707519211427,0.0021879263982959776,0.0021879263982959776,0.0021879263982959776,0.001795158853766853,0.001795158853766853,0.001795158853766853,0.1795158853766853,0.0,0.0,0.002101498736542454,2.374892326269642
101,nan,nan,0.355020051924641,nan,0.0019861510979424213,0.0019861510979424213,0.0019861510979424213,nan,nan,nan,nan,nan,nan,0.0021566141284692685,2.5543843253783343
102,0.05357148532360269,0.14813235779668504,0.3566211189100864,0.35403245976634395,0.002186506759757571,0.002186506759757571,0.002186506759757571,0.0017942030500306123,0.0017942030500306123,0.0017942030500306123,0.17942030500306128,0.0,0.0,0.002032968511059039,2.3658558148431377
103,nan,nan,0.35560503653840564,nan,0.0019850619740511594,0.0019850619740511594,0.0019850619740511594,nan,nan,nan,nan,nan,nan,0.002085899635134978,2.545286296195766
104,0.04261526669305047,0.15433340117806585,0.35720567746000553,0.35461986612944923,0.002185275614584446,0.002185275614584446,0.002185275614584446,0.0017933739733953238,0.0017933739733953238,0.0017933739733953238,0.1793373973395324,0.0,0.0,0.0030610205126281372,2.404024800747857
105,nan,nan,0.3561920974467489,nan,0.0019841177458285505,0.0019841177458285505,0.0019841177458285505,nan,nan,nan,nan,nan,nan,0.003138029871546592,2.583464293985017
106,0.051426416767128176,0.15929921322218074,0.35779237045740614,0.3552090194860519,0.002184208749380962,0.002184208749380962,0.002184208749380962,0.0017926553905208943,0.0017926553905208943,0.0017926553905208943,0.17926553905208942,0.0,0.0,0.0038845349025266418,2.4036253226449023
107,nan,nan,0.35678095259911385,nan,0.0019832997615415434,0.0019832997615415434,0.0019832997615415434,nan,nan,nan,nan,nan,nan,0.003977394955652694,2.5829881360658717
108,0.04877003110406589,0.16535017338348063,0.35838090809431955,0.3557996816522251,0.0021832849266101104,0.0021832849266101104,0.0021832849266101104,0.0017920330516456124,0.0017920330516456124,0.0017920330516456124,0.17920330516456123,0.0,0.0,0.003398135049649813,2.4228157755160895
109,nan,nan,0.3573713574942672,nan,0.001982591665659664,0.001982591665659664,0.001982591665659664,nan,nan,nan,nan,nan,nan,0.0034732441802792146,2.6021133395027105
110,0.042002076135085685,0.17412135249535723,0.35897103911805855,0.3563916462753854,0.0021824855402567877,0.0021824855402567877,0.0021824855402567877,0.0017914944639538513,0.0017914944639538513,0.0017914944639538513,0.17914944639538513,0.0,0.0,0.003407572032197398,2.4675107873731217
111,nan,nan,0.3579631002831713,nan,0.0019819791332158143,0.0019819791332158143,0.0019819791332158143,nan,nan,nan,nan,nan,nan,0.003478557834002684,2.6469989569356605
112,0.06239731181414423,0.1560349294315723,0.3595625458079696,0.35698473466943065,0.0021817943081485695,0.0021817943081485695,0.0021817943081485695,0.0017910286883510563,0.0017910286883510563,0.0017910286883510563,0.17910286883510562,0.0,0.0,0.0024405542237496427,2.443262406995648
113,nan,nan,0.358555997501139,nan,0.001981449632253841,0.001981449632253841,0.001981449632253841,nan,nan,nan,nan,nan,nan,0.0024868781545236067,2.622694643779951
114,0.05815834851094257,0.16070494848104327,0.36015523959671375,0.35757879218538957,0.0021811969974454425,0.0021811969974454425,0.0021811969974454425,0.0017906261575958982,0.0017906261575958982,0.0017906261575958982,0.17906261575958982,0.0,0.0,0.002555302567884392,2.4272941046435164
115,nan,nan,0.3591498903479087,nan,0.0019809922117689166,0.0019809922117689166,0.0019809922117689166,nan,nan,nan,nan,nan,nan,0.0026015802540526474,2.606671061377865
116,0.07057113425038078,0.14674798750077933,0.36074895725292133,0.3581736850487877,0.002180681180106471,0.002180681180106471,0.002180681180106471,0.0017902785138715943,0.0017902785138715943,0.0017902785138715943,0.1790278513871594,0.0,0.0,0.0013333995880710752,2.378944827534055
117,nan,nan,0.3597446414454017,nan,0.0019805973127429207,0.0019805973127429207,0.0019805973127429207,nan,nan,nan,nan,nan,nan,0.0013511915223554183,2.5583079607177486
118,0.07351387314889837,0.1372160898516061,0.36134355755340064,0.3587692976041493,0.002180236015409237,0.002180236015409237,0.002180236015409237,0.0017899784640059658,0.0017899784640059658,0.0017899784640059658,0.1789978464005966,0.0,0.0,0.0010785440801217793,2.314621322219369
119,nan,nan,0.36034013201231135,nan,0.001980256600059979,0.001980256600059979,0.001980256600059979,nan,nan,nan,nan,nan,nan,0.001087377602683074,2.4938579955114477
120,0.06096890813970059,0.13013958142833545,0.36193891838265985,0.3593655299148918,0.002179852056842799,0.002179852056842799,0.002179852056842799,0.001789719650673532,0.001789719650673532,0.001789719650673532,0.1789719650673532,0.0,0.0,0.0007850921483358931,2.3021379885882722
121,nan,nan,0.3609362594026493,nan,0.001979962813259383,0.001979962813259383,0.001979962813259383,nan,nan,nan,nan,nan,nan,0.0008039017188628605,2.4816210926051174
122,0.04580662286424475,0.1412208414774594,0.36253493420563354,0.3599622956735566,0.0021795210809207855,0.0021795210809207855,0.0021795210809207855,0.001789496538033014,0.001789496538033014,0.001789496538033014,0.17894965380330136,0.0,0.0,0.001785416383225437,2.3292031425455457
123,nan,nan,0.3615329349621944,nan,0.001979709634245605,0.001979709634245605,0.001979709634245605,nan,nan,nan,nan,nan,nan,0.0018195762026738608,2.508653522660129
124,0.05367165463170959,0.14322028778234772,0.3631315138664701,0.3605595203830747,0.0021792359356708276,0.0021792359356708276,0.0021792359356708276,0.0017893043103699396,0.0017893043103699396,0.0017893043103699396,0.17893043103699394,0.0,0.0,0.001520659499680172,2.3241875259643963
125,nan,nan,0.36213008216265147,nan,0.0019794915702288727,0.0019794915702288727,0.0019794915702288727,nan,nan,nan,nan,nan,nan,0.0015419132372803245,2.503672257769987
126,0.03956770014034554,0.14863301892701491,0.36372857867221997,0.3611571397747281,0.002178990406751696,0.002178990406751696,0.002178990406751696,0.0017891387824262707,0.0017891387824262707,0.0017891387824262707,0.17891387824262708,0.0,0.0,0.001633071253419334,2.3705313879468073
127,nan,nan,0.3627276349783948,nan,0.0019793038503151715,0.0019793038503151715,0.0019793038503151715,nan,nan,nan,nan,nan,nan,0.001663624132614282,2.5500351486200477
128,0.06299705494691651,0.14502444486731234,0.36432606072544377,0.3617550984327801,0.0021787790993314862,0.0021787790993314862,0.0021787790993314862,0.0017889963202067465,0.0017889963202067465,0.0017889963202067465,0.17889963202067463,0.0,0.0,0.0017540384518944286,2.324674122717882
129,nan,nan,0.3633255364750652,nan,0.001979142334301794,0.001979142334301794,0.001979142334301794,nan,nan,nan,nan,nan,nan,0.0017850403075975762,2.5041621648509715
130,0.05938115753756021,0.14133370225625067,0.3649239014742495,0.36235334859949136,0.00217859733402989,0.00217859733402989,0.00217859733402989,0.0017888737711545587,0.0017888737711545587,0.0017888737711545587,0.17888737711545583,0.0,0.0,0.0008613442199594107,2.311999734210317
131,nan,nan,0.363923737583119,nan,0.001979003432363749,0.001979003432363749,0.001979003432363749,nan,nan,nan,nan,nan,nan,0.0008698029925940112,2.491497375646233
132,0.046244913844909974,0.13961338360121275,0.36552205045218444,0.3629518491375145,0.0021784410553855695,0.0021784410553855695,0.0021784410553855695,0.001788768402686661,0.001788768402686661,0.001788768402686661,0.17887684026866607,0.0,0.0,0.0009138967168408406,2.3339348390168215
133,nan,nan,0.3645221960327669,nan,0.0019788840344374765,0.0019788840344374765,0.0019788840344374765,nan,nan,nan,nan,nan,nan,0.0009184475995717003,2.5134392859003216
134,0.06568561028217446,0.12945824097549063,0.3661204641838238,0.3635505646295188,0.002178306751456449,0.002178306751456449,0.002178306751456449,0.0017886778481712466,0.0017886778481712466,0.0017886778481712466,0.17886778481712468,0.0,0.0,0.0005279050807350104,2.2831402209844316
135,nan,nan,0.3651208754296694,nan,0.001978781448221465,0.001978781448221465,0.001978781448221465,nan,nan,nan,nan,nan,nan,0.0005311750479595903,2.4626251698856434
136,0.038233236951107696,0.13731640479011614,0.36671910523489526,0.3641494645974078,0.002178191383296717,0.002178191383296717,0.002178191383296717,0.0017886000595164456,0.0017886000595164456,0.0017886000595164456,0.17886000595164456,0.0,0.0,0.000848706822452236,2.349855277455608
137,nan,nan,0.3657197444533143,nan,0.00197869334481861,0.00197869334481861,0.00197869334481861,nan,nan,nan,nan,nan,nan,0.0008658638001078729,2.5293085520763934
138,0.07203503184669029,0.12575278192531897,0.36731794138839835,0.36474852282568815,0.0021780923231799485,0.0021780923231799485,0.0021780923231799485,0.0017885332656200489,0.0017885332656200489,0.0017885332656200489,0.1788533265620049,0.0,0.0,0.0007283268778366776,2.2836702380473395
139,nan,nan,0.3663187761622557,nan,0.001978617711142569,0.001978617711142569,0.001978617711142569,nan,nan,nan,nan,nan,nan,0.0007619657472152314,2.4631364236487356
140,0.03470349726182285,0.13333320286326714,0.36791694493048793,0.3653477167754836,0.0021780073005532963,0.0021780073005532963,0.0021780073005532963,0.0017884759360050147,0.0017884759360050147,0.0017884759360050147,0.17884759360050148,0.0,0.0,0.0005747311798466668,2.342764288402685
141,nan,nan,0.3669179473923693,nan,0.0019785528083002546,0.0019785528083002546,0.0019785528083002546,nan,nan,nan,nan,nan,nan,0.0006011657600398164,2.522235702410232
142,0.03546038111485486,0.14368422470652262,0.3685160920319099,0.36594702707738064,0.002177934354813771,0.002177934354813771,0.002177934354813771,0.0017884267490347109,0.0017884267490347109,0.0017884267490347109,0.17884267490347106,0.0,0.0,0.00130337007995724,2.4294812626831996
143,nan,nan,0.3675172382360117,nan,0.001978497135245059,0.001978497135245059,0.001978497135245059,nan,nan,nan,nan,nan,nan,0.0013457080791959767,2.608892285980447
144,0.07175431984906644,0.13625202608517248,0.36911536221255997,0.3665464370927845,0.0021778717940944617,0.0021778717940944617,0.0021778717940944617,0.0017883845641654722,0.0017883845641654722,0.0017883845641654722,0.1788384564165472,0.0,0.0,0.0008501925490813177,2.359050250456211
145,nan,nan,0.3681166315915007,nan,0.001978449397070883,0.001978449397070883,0.001978449397070883,nan,nan,nan,nan,nan,nan,0.000882938808371064,2.538512283255281
146,0.08040519841085388,0.13601853633492075,0.36971473787829845,0.3671459325347692,0.002177818159336801,0.002177818159336801,0.002177818159336801,0.0017883483977522326,0.0017883483977522326,0.0017883483977522326,0.17883483977522327,0.0,0.0,0.0015991194849534005,2.288135325415217
147,nan,nan,0.36871611277366967,nan,0.0019784084773857287,0.0019784084773857287,0.0019784084773857287,nan,nan,nan,nan,nan,nan,0.0016435928586754395,2.4675608648672465
148,0.04826923539678712,0.13356687368599826,0.3703142039205277,0.3677455011405578,0.002177772193005068,0.002177772193005068,0.002177772193005068,0.001788317401976023,0.001788317401976023,0.001788317401976023,0.17883174019760228,0.0,0.0,0.0010116355043749703,2.299753891735931
149,nan,nan,0.3693156691774278,nan,0.0019783734142660137,0.0019783734142660137,0.0019783734142660137,nan,nan,nan,nan,nan,nan,0.001042455091223145,2.4792514103930148
150,0.027299042772386085,0.148708654117181,0.37091374737024496,0.3683451323887719,0.002177732811871746,0.002177732811871746,0.002177732811871746,0.0017882908465102244,0.0017882908465102244,0.0017882908465102244,0.17882908465102243,0.0,0.0,0.0010855664710805303,2.3944101338723915
151,nan,nan,0.3699152899872886,nan,0.00197834337934912,0.00197834337934912,0.00197834337934912,nan,nan,nan,nan,nan,nan,0.001113982602549847,2.5739130438065745
152,0.06921221621690991,0.14493160651848752,0.37151335709934435,0.3689448172554756,0.0021776990833676855,0.0021776990833676855,0.0021776990833676855,0.0017882681025859716,0.0017882681025859716,0.0017882681025859716,0.17882681025859712,0.0,0.0,0.0011974601752766814,2.3318438988945474
153,nan,nan,0.3705149659267354,nan,0.0019783176596725664,0.0019783176596725664,0.0019783176596725664,nan,nan,nan,nan,nan,nan,0.0012224074388147586,2.5113486603993986
154,0.0502646822752201,0.14840641992983655,0.37211302356286696,0.36954454800381176,0.0021776702050497585,0.0021776702050497585,0.0021776702050497585,0.0017882486291562866,0.0017882486291562866,0.0017882486291562866,0.17882486291562863,0.0,0.0,0.001814247138790552,2.350211296864874
155,nan,nan,0.37111468904208444,nan,0.0019782956419138508,0.0019782956419138508,0.0019782956419138508,nan,nan,nan,nan,nan,nan,0.0018578935044030048,2.5296295085237697
156,0.04533376419166123,0.15150344180663566,0.37271273857671694,0.3701443180027062,0.002177645486791336,0.002177645486791336,0.002177645486791336,0.0017882319608937146,0.0017882319608937146,0.0017882319608937146,0.17882319608937142,0.0,0.0,0.0016253609933846336,2.368457184468964
157,nan,nan,0.37171445251620283,nan,0.0019782767987259232,0.0019782767987259232,0.0019782767987259232,nan,nan,nan,nan,nan,nan,0.0016631332490887785,2.547894012955106
158,0.08056078861616954,0.14635506470707255,0.373312495126069,0.3707441215707071,0.0021776243353479837,0.0021776243353479837,0.0021776243353479837,0.0017882176977877325,0.0017882176977877325,0.0017882176977877325,0.17882176977877326,0.0,0.0,0.0024134876254461343,2.2793680746255003
159,nan,nan,0.37231425050804334,nan,0.0019782606768998074,0.0019782606768998074,0.0019782606768998074,nan,nan,nan,nan,nan,nan,0.0024666146583070124,2.4588218192610367
160,0.04988699846160607,0.15442018386090176,0.37391228720032216,0.371343953841545,0.0021776062409927456,0.0021776062409927456,0.0021776062409927456,0.0017882054961363427,0.0017882054961363427,0.0017882054961363427,0.17882054961363428,0.0,0.0,0.002660441712745817,2.296135280031728
161,nan,nan,0.3729140780144914,nan,0.001978246887118469,0.001978246887118469,0.001978246887118469,nan,nan,nan,nan,nan,nan,0.0027151641419921892,2.475418668807106
162,0.05441369065770544,0.15354702602898712,0.37451210965099413,0.3719438106484509,0.002177590765952721,0.002177590765952721,0.002177590765952721,0.0017881950607512927,0.0017881950607512927,0.0017881950607512927,0.17881950607512928,0.0,0.0,0.002491297487186084,2.2953726878009735
163,nan,nan,0.37351393075148187,nan,0.001978235095094953,0.001978235095094953,0.001978235095094953,nan,nan,nan,nan,nan,nan,0.0025410556805222488,2.4747846208889697
164,0.040604638288423194,0.1528777152315331,0.3751119580694323,0.372543688424663,0.002177577534411755,0.002177577534411755,0.002177577534411755,0.0017881861382186175,0.0017881861382186175,0.0017881861382186175,0.17881861382186173,0.0,0.0,0.001444139367570061,2.345292434856527
165,nan,nan,0.3741138050517476,nan,0.001978225013913503,0.001978225013913503,0.001978225013913503,nan,nan,nan,nan,nan,nan,0.0014666349494286803,2.5247446505513818
166,0.07080711264537287,0.14712999507803645,0.3757118286816274,0.37314358411789733,0.0021775662238734147,0.0021775662238734147,0.0021775662238734147,0.0017881785110759009,0.0017881785110759009,0.0017881785110759009,0.17881785110759013,0.0,0.0,0.0015716598750481123,2.2771164046789645
167,nan,nan,0.3747136977769149,nan,0.0019782163974150727,0.0019782163974150727,0.0019782163974150727,nan,nan,nan,nan,nan,nan,0.0015948371770914472,2.4565340065078
168,0.05766945160060914,0.14141347752912686,0.37631171825778265,0.3737434951168554,0.002177556557704337,0.002177556557704337,0.002177556557704337,0.0017881719927850953,0.0017881719927850953,0.0017881719927850953,0.17881719927850953,0.0,0.0,0.0017730786179424908,2.2668983567819208
169,nan,nan,0.37531360624196625,nan,0.001978209034488706,0.001978209034488706,0.001978209034488706,nan,nan,nan,nan,nan,nan,0.0018017449216354594,2.4461671664460702
170,0.03970353919542868,0.14040023740025087,0.37691162403460277,0.37434341918810193,0.0021775482987009005,0.0021775482987009005,0.0021775482987009005,0.001788166423395094,0.001788166423395094,0.001788166423395094,0.17881664233950942,0.0,0.0,0.001876035096248787,2.311746563539967
171,nan,nan,0.3759135281503604,nan,0.0019782027441479105,0.0019782027441479105,0.0019782027441479105,nan,nan,nan,nan,nan,nan,0.0019102637007256383,2.490964313979681
172,0.05089577137413025,0.14878201877489203,0.37751154364854356,0.37494335442187327,0.0021775412435422864,0.0021775412435422864,0.0021775412435422864,0.0017881616658018138,0.0017881616658018138,0.0017881616658018138,0.17881616658018135,0.0,0.0,0.0026512083939199318,2.315181106331612
173,nan,nan,0.376513461538328,nan,0.001978197371286729,0.001978197371286729,0.001978197371286729,nan,nan,nan,nan,nan,nan,0.002700420418442142,2.4943941715185334
174,0.07842657106670842,0.14228634873527682,0.3781114750784999,0.37554329918556983,0.0021775352180107045,0.0021775352180107045,0.0021775352180107045,0.0017881576025254326,0.0017881576025254326,0.0017881576025254326,0.17881576025254328,0.0,0.0,0.0026231087449982054,2.2243024147997383
175,nan,nan,0.377113404727065,nan,0.0019781927830238304,0.0019781927830238304,0.0019781927830238304,nan,nan,nan,nan,nan,nan,0.0026685559696645257,2.4034856435550433
176,0.045707149906190944,0.13557872834193335,0.3787114165966187,0.37614325208386074,0.0021775300728750537,0.0021775300728750537,0.0021775300728750537,0.0017881541329348978,0.0017881541329348978,0.0017881541329348978,0.1788154132934898,0.0,0.0,0.0012231583851790274,2.263365802084216
177,nan,nan,0.3777133562817209,nan,0.0019781888655549433,0.0019781888655549433,0.0019781888655549433,nan,nan,nan,nan,nan,nan,0.001236555096959635,2.4426565637678226
178,0.0351249793856057,0.13978651201835565,0.3793113667260997,0.37674321192447147,0.002177525680347892,0.002177525680347892,0.002177525680347892,0.0017881511708589422,0.0017881511708589422,0.0017881511708589422,0.17881511708589423,0.0,0.0,0.0014851330297157193,2.3211044372986547
179,nan,nan,0.3783133149762279,nan,0.0019781855214443967,0.0019781855214443967,0.0019781855214443967,nan,nan,nan,nan,nan,nan,0.0015087243538168765,2.500486392609522
180,0.061552599591992836,0.13263114449245897,0.3799113242050071,0.3773431776888564,0.0021775219310374745,0.0021775219310374745,0.0021775219310374745,0.0017881486425308853,0.0017881486425308853,0.0017881486425308853,0.17881486425308854,0.0,0.0,0.001265493603238564,2.2884470584498118
181,nan,nan,0.3789132797631509,nan,0.001978182667295729,0.001978182667295729,0.001978182667295729,nan,nan,nan,nan,nan,nan,0.0012881275824922578,2.4679411631077817
182,0.036460068866641805,0.14147860329690692,0.38051128795524475,0.37794314850706734,0.0021775187313270053,0.0021775187313270053,0.0021775187313270053,0.001788146484821475,0.001788146484821475,0.001788146484821475,0.17881464848214748,0.0,0.0,0.00124507122818202,2.345481704754815
183,nan,nan,0.37951324974785083,nan,0.001978180231749288,0.001978180231749288,0.001978180231749288,nan,nan,nan,nan,nan,nan,0.0012628329267756865,2.5249762422661743
184,0.040654248115424035,0.1410048418462814,0.38111125705596993,0.37854312363622494,0.0021775160011223175,0.0021775160011223175,0.0021775160011223175,0.0017881446437201405,0.0017881446437201405,0.0017881446437201405,0.17881446437201404,0.0,0.0,0.0012946618725455732,2.3991039879775813
185,nan,nan,0.3801132241663498,nan,0.0019781781537617474,0.0019781781537617474,0.0019781781537617474,nan,nan,nan,nan,nan,nan,0.001333478435652016,2.5785438470255797
186,0.02300433971445915,0.15198292075533898,0.38171123072081575,0.3791431024420816,0.0021775136719170713,0.0021775136719170713,0.0021775136719170713,0.0017881430730303355,0.0017881430730303355,0.0017881430730303355,0.17881430730303352,0.0,0.0,0.0019185950786199325,2.5187261579126057
187,nan,nan,0.38071320236637607,nan,0.0019781763811285015,0.0019781763811285015,0.0019781763811285015,nan,nan,nan,nan,nan,nan,0.0019683165119154717,2.698211340802252
188,0.06538199599174248,0.15024609757293336,0.382311208278385,0.37974308438323806,0.0021775116851314477,0.0021775116851314477,0.0021775116851314477,0.0017881417332492942,0.0017881417332492942,0.0017881417332492942,0.17881417332492938,0.0,0.0,0.0015320469139303507,2.473001624873351
189,nan,nan,0.38131318379113577,nan,0.001978174869215209,0.001978174869215209,0.001978174869215209,nan,nan,nan,nan,nan,nan,0.001566485570831071,2.6523869710698973
190,0.057818077476016784,0.14958554677360855,0.382911189155549,0.3803430689976344,0.00217750999068628,0.00217750999068628,0.00217750999068628,0.0017881405906065397,0.0017881405906065397,0.0017881405906065397,0.17881405906065395,0.0,0.0,0.0021167216607288117,2.467329060377067
191,nan,nan,0.38191316796542285,nan,0.0019781735798693333,0.0019781735798693333,0.0019781735798693333,nan,nan,nan,nan,nan,nan,0.00216294986592282,2.6464127475543573
192,0.03819446211156038,0.1540626027192247,0.3835111728631541,0.38094305589099225,0.0021775085457797503,0.0021775085457797503,0.0021775085457797503,0.0017881396162389802,0.0017881396162389802,0.0017881396162389802,0.17881396162389798,0.0,0.0,0.0024550178385141395,2.5121495512271372
193,nan,nan,0.3825131544837348,nan,0.001978172480486498,0.001978172480486498,0.001978172480486498,nan,nan,nan,nan,nan,nan,0.0025080319881711326,2.691386533441235
194,0.05279309531476358,0.15642040299106436,0.3841111589837901,0.38154304472692735,0.0021775073138382804,0.0021775073138382804,0.0021775073138382804,0.0017881387854834655,0.0017881387854834655,0.0017881387854834655,0.17881387854834657,0.0,0.0,0.002422860976526089,2.5082702697903216
195,nan,nan,0.3831131430001068,nan,0.0019781715432099513,0.0019781715432099513,0.0019781715432099513,nan,nan,nan,nan,nan,nan,0.0024743900315203084,2.68751791597674
196,0.06757194392351028,0.14826394569841445,0.3847111471613284,0.38214303521849546,0.0021775062636171494,0.0021775062636171494,0.0021775062636171494,0.0017881380772703074,0.0017881380772703074,0.0017881380772703074,0.17881380772703073,0.0,0.0,0.0024785447066770494,2.4491126586435565
197,nan,nan,0.38371313321941775,nan,0.0019781707442444044,0.0019781707442444044,0.0019781707442444044,nan,nan,nan,nan,nan,nan,0.0025334898733739824,2.628410218825346
198,0.06880560297745576,0.15276784469857504,0.38531113709197373,0.3827430271209636,0.0021775053684297396,0.0021775053684297396,0.0021775053684297396,0.0017881374736035314,0.0017881374736035314,0.0017881374736035314,0.17881374736035316,0.0,0.0,0.0021342397483581745,2.400843913776095
199,nan,nan,0.3843131248899573,nan,0.0019781700632681095,0.0019781700632681095,0.0019781700632681095,nan,nan,nan,nan,nan,nan,0.002183585658676285,2.5801107065273876
200,0.054990067499867706,0.1540551456977837,0.38591112851661474,0.3833430202256318,0.002177504605487237,0.002177504605487237,0.002177504605487237,0.001788136959115617,0.001788136959115617,0.001788136959115617,0.1788136959115617,0.0,0.0,0.0023492025380969896,2.3944190017040397
201,nan,nan,0.3849131177970728,nan,0.001978169482929283,0.001978169482929283,0.001978169482929283,nan,nan,nan,nan,nan,nan,0.002406143918635611,2.5736600242514807
202,0.07922450837089459,0.14176534066545676,0.38651112121428444,0.38394301435455364,0.0021775039553331528,0.0021775039553331528,0.0021775039553331528,0.0017881365206861726,0.0017881365206861726,0.0017881365206861726,0.17881365206861727,0.0,0.0,0.002519950903888105,2.307699523215719
203,nan,nan,0.38551311175773983,nan,0.001978168988414906,0.001978168988414906,0.001978168988414906,nan,nan,nan,nan,nan,nan,0.0025823222691583364,2.487057459158124
204,0.06427312749946765,0.13521521172053275,0.38711111499657275,0.3845430093560253,0.0021775034013591854,0.0021775034013591854,0.0021775034013591854,0.0017881361471154627,0.0017881361471154627,0.0017881361471154627,0.17881361471154628,0.0,0.0,0.0021824193129539354,2.2595946612951066
205,nan,nan,0.3861131066159238,nan,0.0019781685670816175,0.0019781685670816175,0.0019781685670816175,nan,nan,nan,nan,nan,nan,0.0022316529586035236,2.4390035213124253
206,0.07791479500997352,0.12704778086381222,0.3877111097028515,0.38514300510073285,0.002177502929390862,0.002177502929390862,0.002177502929390862,0.0017881358288449895,0.0017881358288449895,0.0017881358288449895,0.17881358288449897,0.0,0.0,0.0019871672291031073,2.1779787085528755
207,nan,nan,0.38671310223861743,nan,0.0019781682081398467,0.0019781682081398467,0.0019781682081398467,nan,nan,nan,nan,nan,nan,0.0020238622678848133,2.357337414301221
208,0.04336994300917325,0.12488735518201804,0.38831110519619694,0.385743001478462,0.0021775025273329932,0.0021775025273329932,0.0021775025273329932,0.00178813555771841,0.00178813555771841,0.00178813555771841,0.17881355577184105,0.0,0.0,0.0015557122934785421,2.217940568003186
209,nan,nan,0.3873130985124576,nan,0.0019781679023835887,0.0019781679023835887,0.0019781679023835887,nan,nan,nan,nan,nan,nan,0.0015795488159938374,2.3972527035864974
210,0.05426508909212095,0.13044875376577378,0.388911101359906,0.38634299839528863,0.002177502184866397,0.002177502184866397,0.002177502184866397,0.0017881353267770216,0.0017881353267770216,0.0017881353267770216,0.17881353267770217,0.0,0.0,0.001179691878754991,2.2162180713493873
211,nan,nan,0.3879130953408354,nan,0.001978167641959282,0.001978167641959282,0.001978167641959282,nan,nan,nan,nan,nan,nan,0.0011976371583374181,2.3955014216048953
212,0.036685586015663775,0.13485147916445334,0.3895110980945232,0.3869429957711807,0.0021775018931885436,0.0021775018931885436,0.0021775018931885436,0.001788135130084869,0.001788135130084869,0.001788135130084869,0.1788135130084869,0.0,0.0,0.0017907571444419274,2.2768669980316716
213,nan,nan,0.38851309264143064,nan,0.0019781674201681866,0.0019781674201681866,0.0019781674201681866,nan,nan,nan,nan,nan,nan,0.0018185245447886857,2.4560104649670698
214,0.06975606966500776,0.13708847886316486,0.3901110953153015,0.38754299353795124,0.002177501644791815,0.002177501644791815,0.002177501644791815,0.0017881349625792158,0.0017881349625792158,0.0017881349625792158,0.17881349625792156,0.0,0.0,0.0012965088855882267,2.235446206701541
215,nan,nan,0.3891130903441059,nan,0.0019781672312974476,0.0019781672312974476,0.0019781672312974476,nan,nan,nan,nan,nan,nan,0.001313517599092419,2.4147610808241415
216,0.06504801527929355,0.1331766049522201,0.3907110929500356,0.388142991637512,0.002177501433273981,0.002177501433273981,0.002177501433273981,0.0017881348199427385,0.0017881348199427385,0.0017881348199427385,0.17881348199427383,0.0,0.0,0.0008286022014476063,2.190647982656865
217,nan,nan,0.38971308838911095,nan,0.001978167070475716,0.001978167070475716,0.001978167070475716,nan,nan,nan,nan,nan,nan,0.000836279676283892,2.3699691867547137
218,0.0567446158061877,0.13445333008147198,0.39131109093721245,0.3887429900203827,0.0021775012531762327,0.0021775012531762327,0.0021775012531762327,0.0017881346984943067,0.0017881346984943067,0.0017881346984943067,0.17881346984943067,0.0,0.0,0.0008645075547414686,2.1681170913394463
219,nan,nan,0.3903130867255492,nan,0.001978166933549783,0.001978166933549783,0.001978166933549783,nan,nan,nan,nan,nan,nan,0.0008811614016511204,2.3473830024438698
220,0.045413299224641,0.13536795596922188,0.39191108922443424,0.3893429886444202,0.0021775010998448105,0.0021775010998448105,0.0021775010998448105,0.0017881345950956722,0.0017881345950956722,0.0017881345950956722,0.17881345950956726,0.0,0.0,0.0012314839572178488,2.204471611092349
221,nan,nan,0.39091308531007074,nan,0.0019781668169791948,0.0019781668169791948,0.0019781668169791948,nan,nan,nan,nan,nan,nan,0.0012519362948857095,2.3836173951630237
222,0.06701086735269843,0.13609052510292957,0.39251108776707155,0.38994298747373357,0.0021775009693128116,0.0021775009693128116,0.0021775009693128116,0.001788134507071766,0.001788134507071766,0.001788134507071766,0.1788134507071766,0.0,0.0,0.0026176700264956966,2.1771463203958827
223,nan,nan,0.391513084105757,nan,0.001978166717746243,0.001978166717746243,0.001978166717746243,nan,nan,nan,nan,nan,nan,0.0026796781019812676,2.356035784892794
224,0.040385621016990184,0.14519127435144302,0.393111086527116,0.39054298647776015,0.0021775008581992484,0.0021775008581992484,0.0021775008581992484,0.0017881344321426286,0.0017881344321426286,0.0017881344321426286,0.17881344321426285,0.0,0.0,0.0023985014635719486,2.2206063999284
225,nan,nan,0.39211308308116954,nan,0.00197816663327911,0.00197816663327911,0.00197816663327911,nan,nan,nan,nan,nan,nan,0.002453683836080726,2.399904559206288
226,0.026343004216590925,0.15668230362514837,0.39371108547220085,0.3911429856304762,0.002177500763622871,0.002177500763622871,0.002177500763622871,0.0017881343683652973,0.0017881343683652973,0.0017881343683652973,0.17881343683652973,0.0,0.0,0.0024569889815332048,2.320686923433751
227,nan,nan,0.39271308220953915,nan,0.0019781665613862504,0.0019781665613862504,0.0019781665613862504,nan,nan,nan,nan,nan,nan,0.002512669004668456,2.499943635395818
228,0.05319052461316941,0.15311219897885836,0.39431108457476616,0.39174298490972564,0.0021775006831285925,0.0021775006831285925,0.0021775006831285925,0.0017881343140841918,0.0017881343140841918,0.0017881343140841918,0.1788134314084192,0.0,0.0,0.0009138201280233855,2.3503994977592266
229,nan,nan,0.3933130814680742,nan,0.001978166500200384,0.001978166500200384,0.001978166500200384,nan,nan,nan,nan,nan,nan,0.0009211044250160896,2.529702465560019
230,0.048716996716177734,0.15220572716899122,0.39491108381134715,0.3923429842966459,0.0021775006146247007,0.0021775006146247007,0.0021775006146247007,0.0017881342678887715,0.0017881342678887715,0.0017881342678887715,0.17881342678887718,0.0,0.0,0.0013175641784451803,2.364700131716161
231,nan,nan,0.39391308083737164,nan,0.0019781664481306974,0.0019781664481306974,0.0019781664481306974,nan,nan,nan,nan,nan,nan,0.0013331149132225194,2.543860547159874
232,0.044478809523408096,0.15329262091641116,0.3955110831619674,0.3929429837751805,0.002177500556329271,0.002177500556329271,0.002177500556329271,0.001788134228577401,0.001788134228577401,0.001788134228577401,0.17881342285774007,0.0,0.0,0.001374690098597623,2.397389755308453
233,nan,nan,0.3945130803009145,nan,0.001978166403822058,0.001978166403822058,0.001978166403822058,nan,nan,nan,nan,nan,nan,0.0013949692521705807,2.576567146826991
234,0.061680231867218736,0.1523989094633437,0.39611108260962163,0.39354298333166227,0.002177500506724451,0.002177500506724451,0.002177500506724451,0.0017881341951265198,0.0017881341951265198,0.0017881341951265198,0.17881341951265195,0.0,0.0,0.0011407220933910538,2.365968316450286
235,nan,nan,0.3951130798446434,nan,0.00197816636612022,0.00197816636612022,0.00197816636612022,nan,nan,nan,nan,nan,nan,0.0011607246508268138,2.545196540520663
236,0.07893365615674511,0.1480462456728501,0.39671108213983514,0.3941429829544588,0.0021775004645174594,0.0021775004645174594,0.0021775004645174594,0.0017881341666643443,0.0017881341666643443,0.0017881341666643443,0.17881341666643444,0.0,0.0,0.0008214045866398599,2.285687880841257
237,nan,nan,0.3957130794565922,nan,0.0019781663340421433,0.0019781663340421433,0.0019781663340421433,nan,nan,nan,nan,nan,nan,0.0008567833107554601,2.4649977728975623
238,0.0530342030822949,0.144962502337533,0.39731108174028773,0.3947429826336702,0.0021775004286073204,0.0021775004286073204,0.0021775004286073204,0.0017881341424484352,0.0017881341424484352,0.0017881341424484352,0.17881341424484354,0.0,0.0,0.00044036133082975656,2.2733455035045287
239,nan,nan,0.396313079126577,nan,0.001978166306750682,0.001978166306750682,0.001978166306750682,nan,nan,nan,nan,nan,nan,0.00046255115090532427,2.4527026070369593
240,0.04689771764147057,0.14738476090372443,0.39791108140049447,0.3953429823608719,0.0021775003980564985,0.0021775003980564985,0.0021775003980564985,0.0017881341218465678,0.0017881341218465678,0.0017881341218465678,0.17881341218465677,0.0,0.0,0.0009356656079782565,2.285445179638922
241,nan,nan,0.3969130788459312,nan,0.0019781662835329987,0.0019781662835329987,0.0019781662835329987,nan,nan,nan,nan,nan,nan,0.000971124355198313,2.4647618210962268
242,0.053950906889356734,0.15222091545176053,0.3985110811115323,0.39594298212889484,0.002177500372066709,0.002177500372066709,0.002177500372066709,0.0017881341043204202,0.0017881341043204202,0.0017881341043204202,0.17881341043204202,0.0,0.0,0.0016799941490296124,2.2751211556778146
243,nan,nan,0.39751307860728,nan,0.0019781662637821614,0.0019781662637821614,0.0019781662637821614,nan,nan,nan,nan,nan,nan,0.0017323085199169833,2.4545711687932092
244,0.05147103540662176,0.1513013869799431,0.3991110808658085,0.3965429819316392,0.002177500349958294,0.002177500349958294,0.002177500349958294,0.0017881340894116676,0.0017881340894116676,0.0017881340894116676,0.17881340894116676,0.0,0.0,0.002347299284819105,2.2804208279512492
245,nan,nan,0.3981130784043486,nan,0.0019781662469814543,0.0019781662469814543,0.0019781662469814543,nan,nan,nan,nan,nan,nan,0.0024136650600462173,2.4598345287650307
246,0.056715887599309775,0.14955833579360878,0.39971108065686217,0.39714298176391516,0.0021775003311526476,0.0021775003311526476,0.0021775003311526476,0.0017881340767301286,0.0017881340767301286,0.0017881340767301286,0.17881340767301288,0.0,0.0,0.002371256711360656,2.259989215918392
247,nan,nan,0.3987130782317978,nan,0.001978166232691005,0.001978166232691005,0.001978166232691005,nan,nan,nan,nan,nan,nan,0.0024343725563739974,2.439457425391468
248,0.04569257722363462,0.14844722976783703,0.4003110804791965,0.3977429816213072,0.002177500315157229,0.002177500315157229,0.002177500315157229,0.0017881340659436594,0.0017881340659436594,0.0017881340659436594,0.17881340659436593,0.0,0.0,0.0026977656915131445,2.281124064038766
249,nan,nan,0.3993130780850854,nan,0.0019781662205363877,0.0019781662205363877,0.0019781662205363877,nan,nan,nan,nan,nan,nan,0.002764748668476495,2.4605951870163567
250,0.0602432737759101,0.15258000749720255,0.4009110803281346,0.39834298150005903,0.002177500301552798,0.002177500301552798,0.002177500301552798,0.0017881340567695463,0.0017881340567695463,0.0017881340567695463,0.17881340567695467,0.0,0.0,0.003498603839610282,2.2514732922227285
251,nan,nan,0.3999130779603471,nan,0.00197816621019891,0.00197816621019891,0.00197816621019891,nan,nan,nan,nan,nan,nan,0.0035821533970442332,2.430895016964585
252,0.06713907669033178,0.14622480246306185,0.40151108019969795,0.3989429813969753,0.002177500289982529,0.002177500289982529,0.002177500289982529,0.0017881340489671652,0.0017881340489671652,0.0017881340489671652,0.17881340489671657,0.0,0.0,0.003391914879140024,2.199238518819693
253,nan,nan,0.4005130778542958,nan,0.001978166201407338,0.001978166201407338,0.001978166201407338,nan,nan,nan,nan,nan,nan,0.0034685132709284124,2.378510695436567
254,0.0305073163736932,0.16136382918798026,0.402111080090502,0.399542981309338,0.0021775002801427464,0.0021775002801427464,0.0021775002801427464,0.0017881340423317334,0.0017881340423317334,0.0017881340423317334,0.17881340423317332,0.0,0.0,0.0035968227488261477,2.283563476141145
255,nan,nan,0.4011130777641353,nan,0.0019781661939308466,0.0019781661939308466,0.0019781661939308466,nan,nan,nan,nan,nan,nan,0.003674884562302194,2.4627642055143086
256,0.05160236064029475,0.15357341728334575,0.4027110799976678,0.40014298123483516,0.0021775002717750245,0.0021775002717750245,0.0021775002717750245,0.0017881340366889815,0.0017881340366889815,0.0017881340366889815,0.17881340366889817,0.0,0.0,0.002697215482639868,2.2944726341660115
257,nan,nan,0.4017130776874872,nan,0.0019781661875730118,0.0019781661875730118,0.0019781661875730118,nan,nan,nan,nan,nan,nan,0.0027494781430674013,2.4737546451782246
258,0.0440452147278099,0.15974138058523638,0.40331107991874654,0.4007429811715005,0.002177500264659459,0.002177500264659459,0.002177500264659459,0.0017881340318906184,0.0017881340318906184,0.0017881340318906184,0.17881340318906183,0.0,0.0,0.0030420788888536627,2.3248608821482177
259,nan,nan,0.40231307762232865,nan,0.001978166182166696,0.001978166182166696,0.001978166182166696,nan,nan,nan,nan,nan,nan,0.003100117160980864,2.503839738302385
260,0.05693685735964021,0.1483000750854614,0.40391107985165536,0.4013429811176616,0.0021775002586089396,0.0021775002586089396,0.0021775002586089396,0.001788134027810466,0.001788134027810466,0.001788134027810466,0.17881340278104657,0.0,0.0,0.0026338152458328153,2.313887075697944
261,nan,nan,0.4029130775669392,nan,0.0019781661775696907,0.0019781661775696907,0.0019781661775696907,nan,nan,nan,nan,nan,nan,0.002680410264013234,2.4931430010164077
262,0.04408407030067574,0.15237457267953675,0.404511079794623,0.4019429810718963,0.0021775002534642676,0.0021775002534642676,0.0021775002534642676,0.0017881340243411695,0.0017881340243411695,0.0017881340243411695,0.17881340243411697,0.0,0.0,0.0016514269197652085,2.3580946619344023
263,nan,nan,0.40351307751985577,nan,0.0019781661736610052,0.0019781661736610052,0.0019781661736610052,nan,nan,nan,nan,nan,nan,0.001677076711210688,2.537352918045429
264,0.06331157416712035,0.16218347460657095,0.40511107974614274,0.4025429810329951,0.0021775002490900023,0.0021775002490900023,0.0021775002490900023,0.0017881340213913952,0.0017881340213913952,0.0017881340213913952,0.17881340213913952,0.0,0.0,0.0019618754584519345,2.339691636424324
265,nan,nan,0.404113077479834,nan,0.0019781661703377087,0.0019781661703377087,0.0019781661703377087,nan,nan,nan,nan,nan,nan,0.0020030803407991805,2.518908164359974
266,0.0664674625703939,0.15176439700533725,0.40571107970493353,0.40314298099992935,0.002177500245370923,0.002177500245370923,0.002177500245370923,0.0017881340188834437,0.0017881340188834437,0.0017881340188834437,0.17881340188834438,0.0,0.0,0.001254525808337729,2.298276827281883
267,nan,nan,0.4047130774458157,nan,0.001978166167512239,0.001978166167512239,0.001978166167512239,nan,nan,nan,nan,nan,nan,0.001289228228530501,2.4775339687430487
268,0.045815975821021426,0.15971843826803436,0.406311079669906,0.4037429809718246,0.002177500242209015,0.002177500242209015,0.002177500242209015,0.0017881340167512192,0.0017881340167512192,0.0017881340167512192,0.1788134016751219,0.0,0.0,0.000866218092131032,2.324759909060423
269,nan,nan,0.4053130774169012,nan,0.0019781661651101113,0.0019781661651101113,0.0019781661651101113,nan,nan,nan,nan,nan,nan,0.0008869084270916133,2.5038020593586454
270,0.04233731401217264,0.16673414207052834,0.40691107964013357,0.40434298094793714,0.002177500239520904,0.002177500239520904,0.002177500239520904,0.0017881340149384986,0.0017881340149384986,0.0017881340149384986,0.17881340149384986,0.0,0.0,0.0014466042804203222,2.3560787911101535
271,nan,nan,0.4059130773923255,nan,0.0019781661630679692,0.0019781661630679692,0.0019781661630679692,nan,nan,nan,nan,nan,nan,0.0014889721328200955,2.535162563343853
272,0.05215942945975374,0.16704722022579604,0.40751107961482863,0.40494298092763475,0.0021775002372356744,0.0021775002372356744,0.0021775002372356744,0.0017881340133974596,0.0017881340133974596,0.0017881340133974596,0.17881340133974596,0.0,0.0,0.0016546666818873423,2.356666222120622
273,nan,nan,0.4065130773714381,nan,0.0019781661613319248,0.0019781661613319248,0.0019781661613319248,nan,nan,nan,nan,nan,nan,0.0017056239444833245,2.5358200927642547
274,0.06188199050019429,0.16636217345991414,0.4081110795933213,0.40554298091037977,0.0021775002352930105,0.0021775002352930105,0.0021775002352930105,0.0017881340120874294,0.0017881340120874294,0.0017881340120874294,0.17881340120874292,0.0,0.0,0.0012944704004539819,2.3257200067435626
275,nan,nan,0.4071130773536859,nan,0.0019781661598561474,0.0019781661598561474,0.0019781661598561474,nan,nan,nan,nan,nan,nan,0.0013351616292711964,2.5050251884793737
276,0.06241753358573443,0.1718137787197693,0.40871107957504227,0.40614298089571516,0.0021775002336416154,0.0021775002336416154,0.0021775002336416154,0.0017881340109738152,0.0017881340109738152,0.0017881340109738152,0.17881340109738153,0.0,0.0,0.00226709056148286,2.2930408490238117
277,nan,nan,0.4077130773385987,nan,0.001978166158601658,0.001978166158601658,0.001978166158601658,nan,nan,nan,nan,nan,nan,0.0023306539364987534,2.4723384489241256
278,0.06042787494017252,0.16452243745519818,0.40931107955950724,0.4067429808832524,0.0021775002322378624,0.0021775002322378624,0.0021775002322378624,0.001788134010027198,0.001788134010027198,0.001788134010027198,0.1788134010027198,0.0,0.0,0.001580258617097467,2.2772497811311134
279,nan,nan,0.40831307732577665,nan,0.0019781661575353077,0.0019781661575353077,0.0019781661575353077,nan,nan,nan,nan,nan,nan,0.001623129693062907,2.456516688277302
280,0.04412891632559269,0.16824191785604267,0.4099110795463046,0.407342980872661,0.002177500231044652,0.002177500231044652,0.002177500231044652,0.0017881340092225596,0.0017881340092225596,0.0017881340092225596,0.17881340092225595,0.0,0.0,0.0016342893137628691,2.313165290231499
281,nan,nan,0.40891307731488,nan,0.0019781661566289094,0.0019781661566289094,0.0019781661566289094,nan,nan,nan,nan,nan,nan,0.0016789864329533053,2.4920600950828207
282,0.06421659270480923,0.16468727267966113,0.41051107953508453,0.40794298086366027,0.002177500230030436,0.002177500230030436,0.002177500230030436,0.0017881340085386254,0.0017881340085386254,0.0017881340085386254,0.17881340085386255,0.0,0.0,0.0015738585850906244,2.2651123252746177
283,nan,nan,0.40951307730561987,nan,0.001978166155858492,0.001978166155858492,0.001978166155858492,nan,nan,nan,nan,nan,nan,0.0016123567802193196,2.444268678463112
284,0.032654071199473854,0.17426222778406486,0.41111107952554954,0.4085429808560115,0.002177500229168388,0.002177500229168388,0.002177500229168388,0.0017881340079573059,0.0017881340079573059,0.0017881340079573059,0.17881340079573058,0.0,0.0,0.0012169985749996904,2.344646084305434
285,nan,nan,0.41011307729775054,nan,0.0019781661552036745,0.0019781661552036745,0.0019781661552036745,nan,nan,nan,nan,nan,nan,0.0012415361895658642,2.5238315052847784
286,0.05906708461619795,0.17909492187591522,0.4117110795174466,0.4091429808495117,0.002177500228435699,0.002177500228435699,0.002177500228435699,0.0017881340074632189,0.0017881340074632189,0.0017881340074632189,0.1788134007463219,0.0,0.0,0.0022881044921394637,2.3431686073741047
287,nan,nan,0.4107130772910634,nan,0.0019781661546471262,0.0019781661546471262,0.0019781661546471262,nan,nan,nan,nan,nan,nan,0.002335381489617709,2.522085977661119
288,0.059180299343460606,0.17545560440515842,0.41231107951056084,0.40974298084398836,0.0021775002278129727,0.0021775002278129727,0.0021775002278129727,0.0017881340070432853,0.0017881340070432853,0.0017881340070432853,0.17881340070432852,0.0,0.0,0.002404023485601865,2.314772119907388
289,nan,nan,0.41131307728538086,nan,0.0019781661541741122,0.0019781661541741122,0.0019781661541741122,nan,nan,nan,nan,nan,nan,0.002451758177441404,2.493411004210953
290,0.05803395718563885,0.1725781758712309,0.4129110795047096,0.41034298083929494,0.0021775002272837202,0.0021775002272837202,0.0021775002272837202,0.0017881340066863848,0.0017881340066863848,0.0017881340066863848,0.1788134006686385,0.0,0.0,0.002258553323383368,2.2970036400700535
291,nan,nan,0.4119130772805521,nan,0.0019781661537721044,0.0019781661537721044,0.0019781661537721044,nan,nan,nan,nan,nan,nan,0.002301617823464255,2.4753028748832024
292,0.049697844906387706,0.16818438018339396,0.4135110794997375,0.41094298083530684,0.002177500226833921,0.002177500226833921,0.002177500226833921,0.001788134006383064,0.001788134006383064,0.001788134006383064,0.17881340063830642,0.0,0.0,0.0020016102925590243,2.298378373241229
293,nan,nan,0.412513077276449,nan,0.0019781661534304523,0.0019781661534304523,0.0019781661534304523,nan,nan,nan,nan,nan,nan,0.0020384222476460207,2.4769937974276806
294,0.05529335673240557,0.1676908428891559,0.41411107949551257,0.41154298083191804,0.002177500226451658,0.002177500226451658,0.002177500226451658,0.0017881340061252859,0.0017881340061252859,0.0017881340061252859,0.1788134006125286,0.0,0.0,0.0025764756756146015,2.2821731572606323
295,nan,nan,0.4131130772729624,nan,0.0019781661531401012,0.0019781661531401012,0.0019781661531401012,nan,nan,nan,nan,nan,nan,0.0026279305484457316,2.4610417844222696
296,0.060923395757867704,0.15598060672459793,0.4147110794919225,0.41214298082903855,0.002177500226126797,0.002177500226126797,0.002177500226126797,0.001788134005906217,0.001788134005906217,0.001788134005906217,0.1788134005906217,0.0,0.0,0.0012514797036170893,2.2637251053990743
297,nan,nan,0.41371307726999995,nan,0.001978166152893354,0.001978166152893354,0.001978166152893354,nan,nan,nan,nan,nan,nan,0.0012744011187426384,2.4428643244808153
298,0.04776135364998245,0.1545765286488292,0.415311079488872,0.41274298082659194,0.002177500225850726,0.002177500225850726,0.002177500225850726,0.0017881340057200488,0.0017881340057200488,0.0017881340057200488,0.1788134005720049,0.0,0.0,0.001818867969920507,2.273247348087776
299,nan,nan,0.41431307726748273,nan,0.0019781661526836673,0.0019781661526836673,0.0019781661526836673,nan,nan,nan,nan,nan,nan,0.0018567163073283717,2.4525135939305827
300,0.030034955036358668,0.16982970131481287,0.4159110794862801,0.4133429808245131,0.002177500225616121,0.002177500225616121,0.002177500225616121,0.0017881340055618438,0.0017881340055618438,0.0017881340055618438,0.17881340055618436,0.0,0.0,0.0015251839756392981,2.3843436096200725